{"cameraMode":{"drawMode":0,"name":"Shaded","section":"Shading Mode"},"sceneLighting":false,"audioPlay":false,"sceneViewState":{"showFog":true,"showMaterialUpdate":false,"showSkybox":false,"showFlares":true,"showImageEffects":true,"showParticleSystems":true},"in2DMode":false,"pivot":{"x":0.0,"y":0.27256131172180178,"z":-2.2351741790771486e-8},"rotation":{"x":-0.05959964543581009,"y":0.5375220775604248,"z":-0.03812528774142265,"w":-0.8402774333953857},"size":0.31031423807144167,"orthographic":false}