{"cameraMode":{"drawMode":0,"name":"Shaded","section":"Shading Mode"},"sceneLighting":false,"audioPlay":false,"sceneViewState":{"showFog":true,"showMaterialUpdate":false,"showSkybox":false,"showFlares":true,"showImageEffects":true,"showParticleSystems":true},"in2DMode":false,"pivot":{"x":0.0,"y":0.2777250409126282,"z":-2.9802322387695315e-8},"rotation":{"x":0.027825813740491868,"y":0.6349706649780273,"z":-0.022849779576063157,"w":0.7717544436454773},"size":0.30839380621910097,"orthographic":false}