{"cameraMode":{"drawMode":0,"name":"Shaded","section":"Shading Mode"},"sceneLighting":false,"audioPlay":false,"sceneViewState":{"showFog":true,"showMaterialUpdate":false,"showSkybox":false,"showFlares":true,"showImageEffects":true,"showParticleSystems":true},"in2DMode":false,"pivot":{"x":0.011183387599885464,"y":0.03805047273635864,"z":0.006324009038507938},"rotation":{"x":0.21343286335468293,"y":0.17560797929763795,"z":-0.039110586047172549,"w":0.9603226780891419},"size":10.0,"orthographic":false}